{"definition":{"fragmentStyle":{"backgroundFragmentImage":{},"marginBottom":"7","marginTop":"5","paddingBottom":"7","shadow":"boxShadowLg"},"indexed":true,"layout":{"marginBottom":8,"marginTop":4,"paddingBottom":8},"name":"Clarity Distributor Banner"},"id":"b97ba9bc-880b-8498-5a7f-0ea9550ab016","pageElements":[{"definition":{"fragment":{"key":"BASIC_COMPONENT-spacer"},"fragmentConfig":{"height":"py-5"},"fragmentFields":[],"indexed":true},"id":"0ba8a14a-4411-00ad-d280-d3ce89783144","type":"Fragment"},{"definition":{"fragmentStyle":{"borderRadius":"borderRadiusSm","marginTop":"7"},"gutters":true,"indexed":true,"modulesPerRow":2,"numberOfColumns":2,"reverseOrder":false,"rowViewports":[{"id":"landscapeMobile","rowViewportDefinition":{"modulesPerRow":1}},{"id":"portraitMobile","rowViewportDefinition":{}},{"id":"tablet","rowViewportDefinition":{}}],"verticalAlignment":"top"},"id":"4c8d3abb-5250-79f2-c8ab-5d15bac26631","pageElements":[{"definition":{"columnViewports":[{"columnViewportDefinition":{"size":12},"id":"landscapeMobile"},{"columnViewportDefinition":{},"id":"portraitMobile"},{"columnViewportDefinition":{},"id":"tablet"}],"size":6},"id":"9100df8f-e252-6953-0933-d647d0b9cf26","type":"Column"},{"definition":{"columnViewports":[{"columnViewportDefinition":{"size":12},"id":"landscapeMobile"},{"columnViewportDefinition":{},"id":"portraitMobile"},{"columnViewportDefinition":{},"id":"tablet"}],"size":6},"id":"4ac7ea39-219a-9a39-2180-4ddedf2ac9d1","pageElements":[{"definition":{"fragment":{"key":"BASIC_COMPONENT-heading"},"fragmentConfig":{"headingLevel":"h1"},"fragmentFields":[{"id":"element-text","value":{"fragmentLink":{},"text":{"value_i18n":{"en_US":"See Your Success"}}}}],"fragmentStyle":{"paddingTop":"3","textAlign":"center","textColor":"#FFFFFF"},"indexed":true},"id":"1541c94c-a9d0-ddc8-de69-9927a2ee5a3e","type":"Fragment"},{"definition":{"fragment":{"key":"BASIC_COMPONENT-heading"},"fragmentConfig":{"headingLevel":"h5"},"fragmentFields":[{"id":"element-text","value":{"fragmentLink":{},"text":{"value_i18n":{"en_US":"Submit Your Tickets to Collaborate with Us"}}}}],"fragmentStyle":{"paddingTop":"3","textAlign":"center","textColor":"#FFFFFF"},"indexed":true},"id":"9b2b9437-eb98-8030-6c51-45c77e67e9b2","type":"Fragment"},{"definition":{"fragment":{"key":"BASIC_COMPONENT-button"},"fragmentConfig":{"buttonType":"primary","type":"link","buttonSize":"nm"},"fragmentFields":[{"id":"link","value":{"fragmentLink":{},"text":{"value_i18n":{"en_US":"See what's new"}}}}],"fragmentStyle":{"paddingTop":"5","textAlign":"center"},"indexed":true},"id":"db02dfae-d745-de5e-3609-7274be168185","type":"Fragment"}],"type":"Column"}],"type":"Row"},{"definition":{"fragment":{"key":"BASIC_COMPONENT-spacer"},"fragmentConfig":{"height":"py-5"},"fragmentFields":[],"indexed":true},"id":"86b0fe07-b4c4-48dc-b145-40d7d20ecdc0","type":"Fragment"}],"type":"Section"}