{
	"configuration": {
		"className": "com.liferay.object.admin.rest.dto.v1_0.ObjectRelationship",
		"parameters": {
			"containsHeaders": "true",
			"createStrategy": "INSERT",
			"externalReferenceCode": "L_USER",
			"onErrorFail": "false",
			"taskItemDelegateName": "DEFAULT",
			"updateStrategy": "UPDATE"
		}
	},
	"items": [
		{
			"deletionType": "prevent",
			"label": {
				"en_US": "User to Ticket"
			},
			"name": "userToTicket",
			"externalReferenceCode": "USER_TO_TICKET",
			"objectDefinitionExternalReferenceCode1": "L_USER",
			"objectDefinitionExternalReferenceCode2": "TICKET",
			"type": "oneToMany"
		}
	]
}