{
	"configuration": {
		"className": "com.liferay.object.rest.dto.v1_0.ObjectEntry",
		"parameters": {
			"containsHeaders": "true",
			"createStrategy": "UPSERT",
			"onErrorFail": "false",
			"updateStrategy": "UPDATE"
		},
		"taskItemDelegateName": "C_Ticket"
	},
	"items": [
		{
			"dateCreated": "2023-05-04T21:49:04Z",
			"dateModified": "2023-05-04T21:49:04Z",
			"description": "Is there any company that you have partnered with in order to do little adjustments to my frames?",
			"externalReferenceCode": "TICKET_1",
			"priority": {
				"key": "minor",
				"name": "Minor"
			},
			"region": {
				"key": "lATAM",
				"name": "LATAM"
			},
			"status": {
				"code": 0,
				"label": "approved",
				"label_i18n": "Approved"
			},
			"subject": "How to adjust or tighten my frames?",
			"ticketStatus": {
				"key": "open",
				"name": "Open"
			},
			"type": {
				"key": "other",
				"name": "Other"
			}
		},
		{
			"dateCreated": "2023-05-04T21:49:04Z",
			"dateModified": "2023-05-04T21:49:04Z",
			"description": "No, we don’t have any retail stores because we make the digital experience even better.",
			"externalReferenceCode": "TICKET_2",
			"priority": {
				"key": "critical",
				"name": "Critical"
			},
			"region": {
				"key": "lATAM",
				"name": "LATAM"
			},
			"status": {
				"code": 0,
				"label": "approved",
				"label_i18n": "Approved"
			},
			"subject": "Do you have any retail stores?",
			"ticketStatus": {
				"key": "open",
				"name": "Open"
			},
			"type": {
				"key": "other",
				"name": "Other"
			}
		},
		{
			"dateCreated": "2023-05-04T21:49:04Z",
			"dateModified": "2023-05-04T21:49:04Z",
			"description": "All our glasses and sunglasses are a Standard Size. For the majority of people, this Standard Size is the correct fit on the face.",
			"externalReferenceCode": "TICKET_3",
			"priority": {
				"key": "major",
				"name": "Major"
			},
			"region": {
				"key": "lATAM",
				"name": "LATAM"
			},
			"status": {
				"code": 0,
				"label": "approved",
				"label_i18n": "Approved"
			},
			"subject": "How do I measure eyeglasses or sunglasses?",
			"ticketStatus": {
				"key": "open",
				"name": "Open"
			},
			"type": {
				"key": "other",
				"name": "Other"
			}
		},
		{
			"dateCreated": "2023-05-04T21:49:04Z",
			"dateModified": "2023-05-04T21:49:04Z",
			"description": "I need to understand what's the process for sending my glassess to a review as they have different problems in the side pieces.",
			"externalReferenceCode": "TICKET_4",
			"priority": {
				"key": "moderate",
				"name": "Moderate"
			},
			"region": {
				"key": "aPAC",
				"name": "APAC"
			},
			"status": {
				"code": 0,
				"label": "approved",
				"label_i18n": "Approved"
			},
			"subject": "Asking for help related to my glasses, model 45TRGR",
			"ticketStatus": {
				"key": "inProgress",
				"name": "In Progress"
			},
			"type": {
				"key": "other",
				"name": "Other"
			}
		},
		{
			"dateCreated": "2023-05-04T21:49:04Z",
			"dateModified": "2023-05-04T21:49:04Z",
			"description": "I need to adquire another pair of glasses. For existing customers, are you thinking on creating a specific promotion?",
			"externalReferenceCode": "TICKET_5",
			"priority": {
				"key": "unassigned",
				"name": "Unassigned"
			},
			"region": {
				"key": "aPAC",
				"name": "APAC"
			},
			"status": {
				"code": 0,
				"label": "approved",
				"label_i18n": "Approved"
			},
			"subject": "Is there any expected promo for this summer?",
			"ticketStatus": {
				"key": "inProgress",
				"name": "In Progress"
			},
			"type": {
				"key": "other",
				"name": "Other"
			}
		},
		{
			"dateCreated": "2023-05-04T21:49:04Z",
			"dateModified": "2023-05-04T21:49:04Z",
			"description": "I want to know what are the main recommended brands to clean my glasses, model 45TRGR",
			"externalReferenceCode": "TICKET_6",
			"priority": {
				"key": "unassigned",
				"name": "Unassigned"
			},
			"region": {
				"key": "aPAC",
				"name": "APAC"
			},
			"status": {
				"code": 0,
				"label": "approved",
				"label_i18n": "Approved"
			},
			"subject": "Main cleaning products",
			"ticketStatus": {
				"key": "open",
				"name": "Open"
			},
			"type": {
				"key": "other",
				"name": "Other"
			}
		}
	]
}