{
  "com.liferay.client.extension.type.configuration.CETConfiguration~liferay-ticket-custom-element" : {
    ":configurator:policy" : "force",
    "baseURL" : "${portalURL}/o/liferay-ticket-custom-element",
    "buildTimestamp" : 1739487808294,
    "description" : "",
    "dxp.lxc.liferay.com.virtualInstanceId" : "default",
    "name" : "Liferay Ticket Custom Element",
    "projectId" : "liferayticketcustomelement",
    "projectName" : "liferay-ticket-custom-element",
    "properties" : [ "defaultScreen=dashboard" ],
    "sourceCodeURL" : "",
    "type" : "customElement",
    "typeSettings" : [ "friendlyURLMapping=liferay-ticket-custom-element", "instanceable=false", "urls=index-BilU6KCn.js", "useESM=true", "portletCategoryName=category.client-extensions", "htmlElementName=liferay-ticket-custom-element" ],
    "webContextPath" : "/liferay-ticket-custom-element"
  }
}