{"definition":{"fragmentStyle":{"backgroundFragmentImage":{},"borderRadius":"9rem","marginBottom":"7","marginTop":"5","paddingBottom":"7","shadow":"boxShadowLg"},"indexed":true,"layout":{"marginBottom":8,"marginTop":4,"paddingBottom":8,"widthType":"Fixed"},"name":"Clarity Distributor Banner"},"id":"8b2fdaa1-ca93-8822-ce7e-cd29a1850545","pageElements":[{"definition":{"fragment":{"key":"BASIC_COMPONENT-spacer"},"fragmentConfig":{"height":"py-5"},"fragmentFields":[],"indexed":true},"id":"04edbe07-1312-caa0-ce77-1864aeeb5236","type":"Fragment"},{"definition":{"fragmentStyle":{"backgroundFragmentImage":{},"borderRadius":"borderRadiusSm","marginTop":"7"},"gutters":true,"indexed":true,"modulesPerRow":2,"numberOfColumns":2,"reverseOrder":false,"rowViewports":[{"id":"landscapeMobile","rowViewportDefinition":{"modulesPerRow":1}},{"id":"portraitMobile","rowViewportDefinition":{}},{"id":"tablet","rowViewportDefinition":{}}],"verticalAlignment":"top"},"id":"caf8b098-d0bb-cb78-f4c5-ca610e16c541","pageElements":[{"definition":{"columnViewports":[{"columnViewportDefinition":{"size":12},"id":"landscapeMobile"},{"columnViewportDefinition":{},"id":"portraitMobile"},{"columnViewportDefinition":{},"id":"tablet"}],"size":6},"id":"5e2fe436-70d3-297d-50b0-26bb1011bfa2","pageElements":[{"definition":{"indexed":true,"layout":{}},"id":"c3802d7d-c44a-da58-07cd-0568e6313aff","pageElements":[{"definition":{"fragment":{"key":"BASIC_COMPONENT-heading"},"fragmentConfig":{"headingLevel":"h1"},"fragmentFields":[{"id":"element-text","value":{"fragmentLink":{},"text":{"value_i18n":{"en_US":"Welcome back to Clarity!"}}}}],"fragmentStyle":{"paddingTop":"3","textAlign":"center","textColor":"#FFFFFF"},"indexed":true},"id":"0a7f08a9-3071-d48f-22a7-c7375f08f222","type":"Fragment"},{"definition":{"fragment":{"key":"BASIC_COMPONENT-button"},"fragmentConfig":{"buttonType":"primary","type":"link","buttonSize":"nm"},"fragmentFields":[{"id":"link","value":{"fragmentLink":{},"text":{"value_i18n":{"en_US":"See what's new"}}}}],"fragmentStyle":{"paddingTop":"5","textAlign":"center"},"indexed":true},"id":"678ca4d7-f758-cdc3-fe7b-68a46a14c106","type":"Fragment"}],"type":"Section"}],"type":"Column"},{"definition":{"columnViewports":[{"columnViewportDefinition":{"size":12},"id":"landscapeMobile"},{"columnViewportDefinition":{},"id":"portraitMobile"},{"columnViewportDefinition":{},"id":"tablet"}],"size":6},"id":"f9796f5b-3356-a2ad-c547-1f2139c183b3","type":"Column"}],"type":"Row"},{"definition":{"fragment":{"key":"BASIC_COMPONENT-spacer"},"fragmentConfig":{"height":"py-5"},"fragmentFields":[],"indexed":true},"id":"e8c5bd3c-9257-e294-22fa-02b24c61508f","type":"Fragment"}],"type":"Section"}