{"definition":{"fragmentStyle":{"paddingBottom":"4"},"indexed":true,"layout":{"paddingBottom":2,"widthType":"Fixed"},"name":"Distributor Footer"},"id":"d6259cbc-1179-6505-d8dc-d60a423126c7","pageElements":[{"definition":{"gutters":true,"indexed":true,"modulesPerRow":3,"numberOfColumns":3,"reverseOrder":false,"rowViewports":[{"id":"landscapeMobile","rowViewportDefinition":{"modulesPerRow":1}},{"id":"portraitMobile","rowViewportDefinition":{}},{"id":"tablet","rowViewportDefinition":{}}],"verticalAlignment":"top"},"id":"1719ec3d-a083-7deb-37c7-23f0762f89c5","pageElements":[{"definition":{"columnViewports":[{"columnViewportDefinition":{"size":12},"id":"landscapeMobile"},{"columnViewportDefinition":{},"id":"portraitMobile"},{"columnViewportDefinition":{},"id":"tablet"}],"size":4},"id":"38776d06-9a1b-ae6f-2c6d-1711b9058627","pageElements":[{"definition":{"indexed":true,"layout":{},"name":"Distributor News"},"id":"bb83bc20-c218-a868-9248-a30b6e2e1e59","pageElements":[{"definition":{"fragment":{"key":"BASIC_COMPONENT-heading"},"fragmentConfig":{"headingLevel":"h1"},"fragmentFields":[{"id":"element-text","value":{"fragmentLink":{},"text":{"value_i18n":{"en_US":"Distributor News"}}}}],"fragmentStyle":{"marginBottom":"3","marginTop":"3","textAlign":"center"},"indexed":true},"id":"06cd87fc-cecf-369e-aa84-674edb67b047","type":"Fragment"},{"definition":{"fragment":{"key":"card","siteKey":"Clarity Public Enterprise Website"},"fragmentConfig":{},"fragmentFields":[{"id":"card-image","value":{"fragmentImage":{"description":{"value_i18n":{"en_US":""}},"url":{"value_i18n":{"en_US":"/documents/d/asset-library-32687/glasses-pink-and-gold?imagePreview=1"}}},"fragmentLink":{}}},{"id":"summary","value":{"fragmentLink":{},"text":{"value_i18n":{"en_US":"Iris Eyewear is charting a new course for 2025, anticipating a surge in personalized, sustainable eyewear. Their latest collection blends cutting-edge 3D-printed frames with bio-acetate, reflecting a commitment to both style and environmental responsibility. Expect to see vibrant, customizable color palettes and modular designs that adapt to individual lifestyles. Iris is also embracing augmented reality, allowing retailers to offer virtual try-ons, enhancing the customer experience. By focusing on innovation and sustainability, Iris is not just following trends, but setting them, reshaping the future of eyewear."}}}},{"id":"card-title","value":{"fragmentLink":{},"text":{"value_i18n":{"en_US":"Visionary Shifts: How Iris Optical is Redefining Eyewear Trends for 2025."}}}},{"id":"card-link","value":{"fragmentLink":{"value":{"href":{"value":"#"}}}}},{"id":"category","value":{"fragmentLink":{},"text":{"value_i18n":{"en_US":""}}}}],"indexed":true},"id":"4540c021-7b29-c2e8-4a00-3a1c41d53ee4","type":"Fragment"}],"type":"Section"}],"type":"Column"},{"definition":{"columnViewports":[{"columnViewportDefinition":{"size":12},"id":"landscapeMobile"},{"columnViewportDefinition":{},"id":"portraitMobile"},{"columnViewportDefinition":{},"id":"tablet"}],"size":4},"id":"b4f79a59-18d6-85e0-6ea4-2783fcc15d6f","pageElements":[{"definition":{"indexed":true,"layout":{},"name":"Wholesale Resources"},"id":"4833c62e-d1f7-8253-5d64-59ab6d3586cc","pageElements":[{"definition":{"fragment":{"key":"BASIC_COMPONENT-heading"},"fragmentConfig":{"headingLevel":"h1"},"fragmentFields":[{"id":"element-text","value":{"fragmentLink":{},"text":{"value_i18n":{"en_US":"Wholesale Resources"}}}}],"fragmentStyle":{"marginBottom":"3","marginTop":"3","textAlign":"center"},"indexed":true},"id":"a1722e63-4f23-950e-3822-7d45541d2fb8","type":"Fragment"},{"definition":{"fragment":{"key":"card","siteKey":"Clarity Public Enterprise Website"},"fragmentConfig":{},"fragmentFields":[{"id":"card-image","value":{"fragmentImage":{"url":{"value_i18n":{"en_US":"/documents/d/asset-library-32687/screenshot-2024-05-20-at-17-30-41?imagePreview=1"}}},"fragmentLink":{}}},{"id":"summary","value":{"fragmentLink":{},"text":{"value_i18n":{"en_US":"First time as a wholesaler with Clarity? Check out this helpful guide to get you fast-tracked into your business."}}}},{"id":"card-title","value":{"fragmentLink":{},"text":{"value_i18n":{"en_US":"2025 Clarity Wholesale Guide"}}}},{"id":"card-link","value":{"fragmentLink":{"value":{"href":{"value":"#"}}}}},{"id":"category","value":{"fragmentLink":{},"text":{"value_i18n":{"en_US":""}}}}],"indexed":true},"id":"d019ae0e-9d53-cada-699b-d45796f059b3","type":"Fragment"}],"type":"Section"}],"type":"Column"},{"definition":{"columnViewports":[{"columnViewportDefinition":{"size":12},"id":"landscapeMobile"},{"columnViewportDefinition":{},"id":"portraitMobile"},{"columnViewportDefinition":{},"id":"tablet"}],"size":4},"id":"59386a2b-8271-e22b-44cf-979e7428d724","pageElements":[{"definition":{"indexed":true,"layout":{},"name":"Retail Resources"},"id":"64647e2a-18ab-a938-e796-6e0e51bd16eb","pageElements":[{"definition":{"fragment":{"key":"BASIC_COMPONENT-heading"},"fragmentConfig":{"headingLevel":"h1"},"fragmentFields":[{"id":"element-text","value":{"fragmentLink":{},"text":{"value_i18n":{"en_US":"Retail Resources"}}}}],"fragmentStyle":{"marginBottom":"3","marginTop":"3","textAlign":"center"},"indexed":true},"id":"71584219-1c00-ad8f-7865-0fa05546b618","type":"Fragment"}],"type":"Section"},{"definition":{"fragment":{"key":"card","siteKey":"Clarity Public Enterprise Website"},"fragmentConfig":{},"fragmentFields":[{"id":"card-image","value":{"fragmentImage":{"url":{"value_i18n":{"en_US":"/documents/d/asset-library-32687/enhancing_efficiency?imagePreview=1"}}},"fragmentLink":{}}},{"id":"summary","value":{"fragmentLink":{},"text":{"value_i18n":{"en_US":"First time as a retailer with Clarity? Check out this helpful guide to get you fast-tracked into your business."}}}},{"id":"card-title","value":{"fragmentLink":{},"text":{"value_i18n":{"en_US":"2025 Clarity Retail Guide"}}}},{"id":"card-link","value":{"fragmentLink":{"value":{"href":{"value":"#"}}}}},{"id":"category","value":{"fragmentLink":{},"text":{"value_i18n":{"en_US":""}}}}],"indexed":true},"id":"0c617661-fc9c-7b22-2568-ad86903bd581","type":"Fragment"}],"type":"Column"}],"type":"Row"}],"type":"Section"}