{
    "build": {
        "builder-revision": "345abe761e484c52279f444887103fb690de2482",
        "date": "Thu Dec  5 17:10:09 UTC 2024",
        "git-revision": "6ce447735ca0a71c45ed6c20c306d9be059985c9",
        "id": "268087579"
    },
    "fixed-issues": [
        "LPD-32984"
    ],
    "patch": {
        "id": "33"
    },
    "requirement": {
        "patching-tool-version": "4000",
        "product-version": "2024.q3.5"
    },
    "added" :[
        {
            "path": "WAR_PATH/WEB-INF/shielded-container-lib/portal-patcher-properties.jar",
            "checksum": "cd39208f063cfdfd5fdc1f22e05890e422d9b50421cf976499d67624fb970622"
        },
        {
            "path": "OSGI_BASE_PATH/portal/com.liferay.headless.commerce.admin.catalog.api.jar",
            "checksum": "bcc287d24a42aa8f47711bf095cee4acaab3b0fe2b9c0b31db156a3312ff5da6"
        },
        {
            "path": "OSGI_BASE_PATH/portal/com.liferay.object.admin.rest.impl.jar",
            "checksum": "e1ad389a15a89bc3f2936cef85d90a4f3ad8da5918acf9c1ab92827c0f9edc30"
        },
        {
            "path": "OSGI_BASE_PATH/portal/com.liferay.headless.commerce.admin.channel.api.jar",
            "checksum": "a7af1ee1e865ab04189c427a1d9c52391bd1f6d822c1c3c2f0fb6f77d4aa81c5"
        },
        {
            "path": "OSGI_BASE_PATH/portal/com.liferay.headless.commerce.delivery.catalog.api.jar",
            "checksum": "e35545d3d9892178a66381e1f62b111e0c2e3d3f1e47d5bbb8cd435a9cfef151"
        },
        {
            "path": "OSGI_BASE_PATH/portal/com.liferay.headless.form.api.jar",
            "checksum": "180746fc7d74c1652765a08ae11d012458e8177402127e04893bab2d14b962f8"
        },
        {
            "path": "OSGI_BASE_PATH/portal/com.liferay.headless.commerce.admin.shipment.api.jar",
            "checksum": "1d882e04d94a77eb70c28949a75979b4bf1def4d4d215df262c1f34852fce4c3"
        },
        {
            "path": "OSGI_BASE_PATH/portal/com.liferay.headless.admin.user.api.jar",
            "checksum": "924ebe57eb5a5212a241a50ef4b5daf7bd396f131c81b94010ec6140de68fa3a"
        },
        {
            "path": "OSGI_BASE_PATH/portal/com.liferay.frontend.js.aui.web.jar",
            "checksum": "2fef2dd47db95ec80ac5b81d7254f20b710c29cf7e802624d1fc2b006f61c223"
        },
        {
            "path": "OSGI_BASE_PATH/portal/com.liferay.headless.commerce.admin.account.api.jar",
            "checksum": "352ce07558bc48e7a7cea272b4deb387124510a7b81261219dc5ef93c8e62726"
        },
        {
            "path": "OSGI_BASE_PATH/portal/com.liferay.headless.commerce.delivery.order.api.jar",
            "checksum": "ee0e7a463125f015b8d69ffb4333510a50df22e03a501bf9f7c1b5fa991d96d3"
        },
        {
            "path": "OSGI_BASE_PATH/portal/com.liferay.headless.commerce.delivery.cart.api.jar",
            "checksum": "548dad96a08c06ccee1fb99c76d0cb2b2b491cddf35a43e4bac10396d82f0d05"
        },
        {
            "path": "OSGI_BASE_PATH/portal/com.liferay.headless.commerce.admin.order.api.jar",
            "checksum": "a7602f898351edfc2c4269d9e786596ae2cca326309d2e2da7b7ecb0726db427"
        },
        {
            "path": "OSGI_BASE_PATH/portal/com.liferay.headless.delivery.api.jar",
            "checksum": "4eae512e7388f03f576e8d97a6a58673222a7833d71b668f520ea734390c865f"
        },
        {
            "path": "OSGI_BASE_PATH/portal/com.liferay.headless.commerce.admin.payment.api.jar",
            "checksum": "add5ba46f645dfcfc2fc4e06bbbbd2f5935e6812a7aa0f31d10cb44dc2ae9849"
        },
        {
            "path": "OSGI_BASE_PATH/portal/com.liferay.scim.rest.api.jar",
            "checksum": "cb9d433992482304fa92832687c170b4ecae8980228b3956c20eab4f59ec048e"
        }
    ],
    "removed" :[
    ]
}
